GGTTACCCGGTACCCGACTGCGTTACTATGGCGACTATAACTGGGACACACATCAAACA,"[4, 5, 5, 5]","[6.0, 8.0, 8.0, 8.0]","[[12, 13], [9], [9], [9, 10]]"
GGATTAACACTTAGTATCGACCGTGAAACCAGATGGTGTTTGATGTGTGTCCCAGT,[],[],[]
CGGTCGATACTAAGTGTTAATCCGTTAGATGATGGCGAGATTATTAGTCAATTGCAGTTG,[],[],[]
AGGATCCCATTCAACAGAATTAAAAGATCTCAAGCAACTGCAATTGACTAATAATCTCG,"[4, 4]","[8.0, 8.0]","[[1, 2], [7]]"
TTTTAATTCTGTTGAATGGGATCCTAAACGACTTTATTGCAGCATCTTGAACAATCGT,[],[],[]
GCGTGTTACCAAACTGCGACGATTGTTCAAGATGCTGCAATA,[],[],[]
CGCAGTTTGGTAACACGCTCATTACTTAGACGCACCAGACGGAATCGAGGGACCCT,[],[],[]
CGTACCGCAACCCGGTAATTCGGAGCGATTATAGTCCAGGGTCCCTCGATTCCGTC,[],[],[]
CCGGGTTGCGGTACGTTTCTCATTCTGTGACCGGAGGCCTATGTCTGGTATCATG,[],[],[]
GGCTAATCCCAGCAAACAAACAAACTCCTACATGATACCAGACATAGGCCTCCGGTCACA,[],[],[]
TTGTTTGCTGGGATTAGCCAAGGGCTTGAAGATGGGTCCAATCCCGATCCCTAGCCC,[4],[9.0],[[10]]
CAGTCTAAGTAAATAAGGGATTGGGATTGGGATTGGGATCGGGCTAGGGATCGGGA,[],[],[]
CCCAATCCCTTATTTACTTAGACTGAAAGTCATAAAAACACATAATATCTTTGACGAAGG,[],[],[]
CCCCTAATCCCTTCGTCAAAGATATTATGTGTTTTT,[],[],[]
