seq,match,score,trouble ID
GGTTACCCGGTACTGCATAACAATGGAACCCGAACCGTAACTGGGACAGATCGAAAAGC,[4],[7.0],"[[3, 4]]"
GGATTAACACGGCACACACAGCGAGAAACCAGGCCAGCTTTTCGATCTGTCCCAGT,[],[],[]
CGCTGTGTGTGCCGTGTTAATCCGTTTGCCATCAGCGAGATTATTAGTCAATTGCAGTTG,[],[],[]
TCGAAAGTGAAACGAGGACGAAAGCGAAACGCTGCAACTGCAATTGACTAATAATCTCG,"[4, 4]","[8.0, 8.0]","[[1, 2], [7]]"
GCTTTCGTCCTCGTTTCACTTTCGAGTTAGACTTTATTGCAGCATCTTGAACAATCGT,[],[],[]
GCGTGTTACCAAACTGCGACGATTGTTCAAGATGCTGCAATA,[],[],[]
CGCAGTTTGGTAACACGCTGTGCCATACTTTCATTTAGACGGAATCGAGGGACCCT,[],[],[]
GACTTCGCAACCCGGTCTCGTTGTGCGATTATAGTCCAGGGTCCCTCGATTCCGTC,[],[],[]
CCGGGTTGCGAAGTCAGGGCATTCCGCCGATCTAGCCATCGCCATCTTCTGCGGG,[],[],[]
GGCTAATCCCAGCAAACAAACAAACAAACGCCCGCAGAAGATGGCGATGGCTAGATCGGC,[],[],[]
TTGTTTGCTGGGATTAGCCAAGGGCTTGACTTGGAATCCAATCCCGATCCCTAGCCC,[4],[9.0],[[10]]
CTAATGAAAAGGACAAGGGATTGGGATTGGGATTGGGATCGGGCTAGGGATCGGGA,[],[],[]
CCCAATCCCTTGTCCTTTTCATTAGAAAGTCATAAAAACACATAATAATGATGTCGAAGG,[],[],[]
CCCCTAATCCCTTCGACATCATTATTATGTGTTTTT,[],[],[]
